index,EXT_SOURCE_1,EXT_SOURCE_2,EXT_SOURCE_3,APARTMENTS_AVG,BASEMENTAREA_AVG,YEARS_BEGINEXPLUATATION_AVG,YEARS_BUILD_AVG,COMMONAREA_AVG,ELEVATORS_AVG,ENTRANCES_AVG,FLOORSMAX_AVG,FLOORSMIN_AVG,LANDAREA_AVG,LIVINGAPARTMENTS_AVG,LIVINGAREA_AVG,NONLIVINGAPARTMENTS_AVG,NONLIVINGAREA_AVG,APARTMENTS_MODE,BASEMENTAREA_MODE,YEARS_BEGINEXPLUATATION_MODE,YEARS_BUILD_MODE,COMMONAREA_MODE,ELEVATORS_MODE,ENTRANCES_MODE,FLOORSMAX_MODE,FLOORSMIN_MODE,LANDAREA_MODE,LIVINGAPARTMENTS_MODE,LIVINGAREA_MODE,NONLIVINGAPARTMENTS_MODE,NONLIVINGAREA_MODE,APARTMENTS_MEDI,BASEMENTAREA_MEDI,YEARS_BEGINEXPLUATATION_MEDI,YEARS_BUILD_MEDI,COMMONAREA_MEDI,ELEVATORS_MEDI,ENTRANCES_MEDI,FLOORSMAX_MEDI,FLOORSMIN_MEDI,LANDAREA_MEDI,LIVINGAPARTMENTS_MEDI,LIVINGAREA_MEDI,NONLIVINGAPARTMENTS_MEDI,NONLIVINGAREA_MEDI,TOTALAREA_MODE
TARGET_0,0.5174515531911259,0.5738993394370083,0.5460231970049609,0.0887,0.0765,0.9821,0.7552,0.0213,0.0,0.1379,0.1667,0.2083,0.0484,0.0756,0.0752,0.0,0.0036,0.084,0.0748,0.9816,0.7648,0.0192,0.0,0.1379,0.1667,0.2083,0.0461,0.0771,0.0734,0.0,0.0011,0.0874,0.0761,0.9821,0.7585,0.021,0.0,0.1379,0.1667,0.2083,0.0489,0.077,0.0758,0.0,0.0031,0.0691
TARGET_1,0.36167542779464734,0.4403806303763837,0.3791004853998145,0.0825,0.0723,0.9811,0.7484,0.0186,0.0,0.1379,0.1667,0.2083,0.0449,0.0672,0.0667,0.0,0.0028,0.0809,0.0716,0.9806,0.755,0.0171,0.0,0.1379,0.1667,0.2083,0.0428,0.0735,0.06675,0.0,0.0,0.0833,0.0718,0.9811,0.7518,0.0183,0.0,0.1379,0.1667,0.2083,0.0454,0.0684,0.0677,0.0,0.0023,0.0617
NO_TARGET,0.4395634904928866,0.507139984906696,0.46256184120238775,0.08560000000000001,0.0744,0.9816,0.7518,0.01995,0.0,0.1379,0.1667,0.2083,0.04665,0.07139999999999999,0.07095,0.0,0.0031999999999999997,0.08245,0.0732,0.9811000000000001,0.7599,0.01815,0.0,0.1379,0.1667,0.2083,0.04445,0.0753,0.070075,0.0,0.00055,0.08535000000000001,0.07395,0.9816,0.75515,0.01965,0.0,0.1379,0.1667,0.2083,0.04715,0.0727,0.07175000000000001,0.0,0.0027,0.0654
